Customer_ID,Number_Of_Purchases,Total_Quantity,Sales_Revenue,Average_Purchase,Age,Gender,Location,Join_Date,Total_Spent
2001,17,57,2260.24,132.95529411764704,24,Female,Philadelphia,2022-03-20,7885.34
2002,14,39,1534.7,109.62142857142858,45,Male,San Antonio,2023-10-05,4405.6
2003,16,55,2705.74,169.10875,34,Male,Jacksonville,2023-01-25,9575.37
2004,10,28,1319.82,131.982,18,Male,Philadelphia,2024-06-12,3681.7
2005,14,52,1788.25,127.73214285714286,22,Female,San Jose,2024-06-02,7154.34
2006,21,63,3025.77,144.08428571428573,60,Male,Jacksonville,2023-10-05,9037.23
2007,13,38,1597.25,122.86538461538461,50,Female,Austin,2023-09-08,5160.66
2008,12,32,1857.41,154.78416666666666,38,Female,Jacksonville,2024-04-16,4752.28
2009,18,58,2079.79,115.54388888888889,53,Male,Houston,2023-08-29,6476.38
2010,10,27,1190.78,119.078,60,Female,Austin,2024-05-11,3227.72
2011,18,48,2597.46,144.30333333333334,57,Female,San Antonio,2022-12-23,6931.03
2012,12,31,1618.38,134.865,37,Female,Houston,2022-01-01,3974.63
2013,18,52,2631.61,146.20055555555555,68,Female,San Diego,2024-05-30,7488.84
2014,8,23,1018.21,127.27625,46,Male,Dallas,2024-06-23,2903.46
2015,21,62,3440.8,163.84761904761905,68,Male,Austin,2024-08-27,10080.72
2016,19,61,2529.29,133.12052631578948,36,Female,Los Angeles,2022-06-23,7967.68
2017,8,31,884.94,110.6175,61,Female,Houston,2023-04-27,3364.54
2018,14,40,2245.36,160.38285714285715,27,Male,New York,2023-02-12,6912.9
2019,17,36,2325.76,136.80941176470589,48,Male,San Diego,2023-05-17,4610.65
2020,20,66,3014.42,150.721,58,Male,Jacksonville,2024-04-28,9899.56
2021,14,35,1609.44,114.96000000000001,49,Female,Houston,2024-02-26,3532.35
2022,10,24,1508.51,150.851,59,Male,Los Angeles,2022-10-30,3669.03
2023,21,57,3400.63,161.9347619047619,32,Male,Jacksonville,2024-05-20,9219.77
2024,17,54,2555.01,150.29470588235296,47,Male,Dallas,2024-11-26,8511.3
2025,15,53,2229.59,148.63933333333335,25,Female,Chicago,2023-05-26,7441.21
2026,20,58,2696.08,134.804,60,Female,San Diego,2024-08-09,8047.85
2027,16,54,2782.01,173.875625,45,Female,Chicago,2024-10-30,9474.7
2028,8,23,970.67,121.33375,46,Female,Houston,2024-08-30,2419.93
2029,18,44,2701.17,150.065,67,Female,Austin,2023-07-22,6712.37
2030,13,33,2007.46,154.42000000000002,35,Female,Los Angeles,2023-05-05,4769.95
2031,14,41,2076.93,148.35214285714284,33,Female,Philadelphia,2023-08-09,5654.06
2032,14,48,2094.69,149.62071428571429,52,Male,Chicago,2023-10-17,6504.94
2033,18,58,2522.08,140.11555555555555,32,Female,Jacksonville,2022-11-05,8356.26
2034,14,45,1977.97,141.28357142857143,63,Male,Los Angeles,2022-11-09,5994.29
2035,16,49,2424.64,151.54,44,Female,Dallas,2024-04-29,7209.95
2036,12,46,1690.81,140.90083333333334,44,Male,Houston,2024-08-12,7057.32
2037,20,64,2688.94,134.447,42,Male,San Jose,2024-05-10,8536.53
2038,15,42,2168.38,144.55866666666668,48,Male,Philadelphia,2024-02-19,5838.24
2039,21,67,3312.0299999999997,157.71571428571428,66,Female,San Antonio,2023-09-04,10863.53
2040,14,35,1513.66,108.11857142857143,49,Male,Phoenix,2023-03-28,3223.75
2041,18,57,2243.06,124.61444444444444,49,Male,San Antonio,2024-06-11,7133.39
2042,20,61,2685.65,134.2825,60,Female,Jacksonville,2023-11-20,8559.12
2043,15,50,2206.81,147.12066666666666,47,Male,San Jose,2022-12-05,7430.13
2044,19,55,2640.99,138.99947368421053,19,Female,San Jose,2024-12-29,7496.43
2045,10,30,1724.9,172.49,23,Female,Chicago,2022-02-25,5159.07
2046,14,34,1778.7,127.05,29,Male,Phoenix,2024-08-03,4206.27
2047,12,37,1619.67,134.9725,38,Male,San Diego,2024-02-16,5221.68
2048,10,31,1633.99,163.399,39,Female,Phoenix,2023-11-01,5026.01
2049,18,44,2445.63,135.86833333333334,34,Male,San Diego,2024-05-13,5271.32
2050,12,30,1872.71,156.05916666666667,65,Male,Philadelphia,2022-02-09,4450.31
2051,12,39,1184.02,98.66833333333334,59,Male,Austin,2023-04-05,3936.64
2052,23,71,3177.12,138.13565217391303,66,Male,Houston,2022-03-24,10278.26
2053,10,33,1211.33,121.133,19,Male,Houston,2023-02-13,3941.63
2054,9,22,983.0500000000001,109.22777777777779,48,Male,San Jose,2022-09-16,2331.43
2055,20,62,2735.56,136.778,47,Female,Philadelphia,2023-03-23,8142.14
2056,15,45,1683.74,112.24933333333334,56,Male,Chicago,2022-12-10,4518.29
2057,14,40,1900.62,135.75857142857143,24,Male,Phoenix,2023-09-30,6033.67
2058,12,37,1938.9,161.57500000000002,43,Male,Los Angeles,2024-02-08,6206.53
2059,19,53,2337.61,123.0321052631579,24,Female,Austin,2023-05-13,6317.45
2060,13,35,2095.43,161.18692307692305,68,Male,Philadelphia,2022-09-05,5648.26
2061,14,50,1869.05,133.50357142857143,45,Female,Los Angeles,2024-12-27,7237.19
2062,14,46,2093.17,149.51214285714286,59,Female,New York,2024-11-02,7469.99
2063,17,53,2310.89,135.93470588235294,70,Female,Los Angeles,2024-05-10,7241.01
2064,17,55,2229.41,131.14176470588234,41,Female,Jacksonville,2024-06-06,7139.38
2065,13,31,1657.28,127.48307692307692,45,Male,Jacksonville,2022-11-10,4178.39
2066,11,37,1762.52,160.2290909090909,59,Female,San Jose,2024-12-04,5738.09
2067,18,56,2787.7,154.8722222222222,47,Female,Jacksonville,2024-09-17,8908.93
2068,17,55,2258.99,132.88176470588235,38,Male,Los Angeles,2023-07-04,7641.49
2069,12,30,1589.4099999999999,132.45083333333332,46,Male,San Diego,2023-07-26,3946.09
2070,9,18,1043.29,115.9211111111111,39,Male,San Diego,2024-02-16,2256.53
2071,13,33,1745.96,134.30461538461537,29,Female,Houston,2023-10-28,4191.44
2072,12,34,1835.02,152.91833333333332,69,Female,Philadelphia,2023-12-28,5088.45
2073,16,51,2029.3,126.83125,56,Female,Dallas,2023-07-27,6940.11
2074,13,36,1686.43,129.72538461538463,51,Male,Los Angeles,2022-01-21,4999.76
2075,18,51,2180.05,121.1138888888889,64,Female,San Diego,2023-05-10,6188.79
2076,12,35,1805.6,150.46666666666667,62,Female,Austin,2023-05-08,5008.39
2077,21,63,2438.17,116.10333333333334,46,Male,Los Angeles,2024-10-02,7003.38
2078,8,26,1325.78,165.7225,32,Female,Jacksonville,2023-08-26,3885.74
2079,12,43,1771.32,147.60999999999999,37,Female,San Diego,2023-05-14,6468.15
2080,19,60,2592.7999999999997,136.46315789473684,40,Female,Jacksonville,2024-12-23,8391.27
2081,14,50,2144.81,153.20071428571427,40,Female,Phoenix,2023-11-09,7874.92
2082,11,33,1453.74,132.15818181818182,34,Male,Los Angeles,2023-09-20,4092.22
2083,7,22,745.87,106.55285714285715,38,Male,Jacksonville,2023-01-30,2018.72
2084,12,38,1198.28,99.85666666666667,30,Male,Jacksonville,2023-01-15,4105.9
2085,10,33,1158.74,115.874,35,Female,Los Angeles,2024-09-18,3737.51
2086,12,32,1057.57,88.13083333333333,36,Male,Philadelphia,2023-02-02,3040.78
2087,15,39,1960.32,130.688,37,Male,Jacksonville,2023-01-03,5296.26
2088,12,36,1550.11,129.17583333333332,26,Female,New York,2024-12-29,4653.18
2089,12,31,1478.03,123.16916666666667,53,Female,Jacksonville,2022-04-22,4294.96
2090,10,34,1161.26,116.126,58,Female,Los Angeles,2022-09-16,4413.81
2091,12,41,1516.78,126.39833333333333,54,Female,San Diego,2022-01-26,5171.39
2092,12,32,1791.8400000000001,149.32000000000002,46,Female,Chicago,2024-09-07,4706.83
2093,14,43,2198.77,157.055,34,Female,Los Angeles,2022-04-16,7084.58
2094,16,41,2267.23,141.701875,43,Female,Los Angeles,2022-05-14,6156.44
2095,19,65,2580.19,135.79947368421054,27,Male,San Jose,2022-04-20,8577.66
2096,17,57,2255.86,132.69764705882355,23,Male,Los Angeles,2023-09-15,7116.23
2097,16,42,2261.5,141.34375,56,Male,Dallas,2024-05-02,6414.63
2098,17,49,2350.22,138.24823529411765,46,Female,Phoenix,2024-02-19,7419.6
2099,11,31,1184.68,107.69818181818182,37,Male,San Jose,2024-05-28,2382.21
2100,18,52,2503.46,139.0811111111111,66,Male,Austin,2022-07-23,7417.17
2101,14,35,1884.16,134.58285714285714,34,Male,Chicago,2023-03-09,4403.41
2102,12,33,1431.95,119.32916666666667,29,Male,Chicago,2023-05-07,3510.41
2103,8,26,1168.32,146.04,44,Female,Jacksonville,2022-01-06,3643.94
2104,13,36,1617.8899999999999,124.4530769230769,36,Male,Houston,2024-08-20,4121.98
2105,15,46,1953.96,130.264,63,Female,Jacksonville,2023-08-14,5767.41
2106,16,45,2170.61,135.663125,22,Male,Phoenix,2024-07-18,6336.51
2107,11,27,1220.5700000000002,110.96090909090911,45,Male,Dallas,2023-02-10,2713.07
2108,12,42,1682.19,140.1825,59,Male,Phoenix,2023-04-06,6177.97
2109,16,59,2199.81,137.488125,22,Male,Chicago,2022-10-19,8092.03
2110,15,39,1764.63,117.64200000000001,56,Female,San Diego,2023-09-22,4898.12
2111,15,41,2258.14,150.54266666666666,47,Female,Jacksonville,2022-09-12,6035.69
2112,13,40,1833.47,141.03615384615384,35,Female,San Diego,2024-04-04,5061.36
2113,23,74,2925.36,127.1895652173913,56,Male,San Antonio,2022-06-14,10230.09
2114,17,42,2389.64,140.5670588235294,56,Female,New York,2023-10-23,5837.89
2115,15,43,1923.62,128.24133333333333,32,Male,Austin,2022-07-07,5675.91
2116,16,44,2465.88,154.1175,54,Male,Chicago,2023-07-06,5737.12
2117,21,61,2847.89,135.61380952380952,51,Female,Phoenix,2024-08-21,8429.63
2118,22,67,3438.05,156.275,55,Female,Austin,2023-01-07,10230.23
2119,8,25,950.41,118.80125,23,Female,Philadelphia,2024-10-04,3267.81
2120,11,34,1670.04,151.82181818181817,39,Female,Austin,2024-04-16,5261.03
2121,11,25,1208.5,109.86363636363636,28,Female,San Antonio,2022-08-03,2993.31
2122,16,49,2077.45,129.840625,36,Female,Dallas,2024-10-11,6676.46
2123,15,43,2395.76,159.71733333333336,47,Male,Philadelphia,2022-03-17,6379.96
2124,15,45,2202.39,146.826,38,Male,San Antonio,2023-06-01,6161.6
2125,12,35,1693.72,141.14333333333335,70,Male,Austin,2024-11-19,5139.68
2126,15,55,2017.58,134.50533333333334,44,Male,Houston,2024-08-04,7787.0
2127,21,56,3045.56,145.02666666666667,41,Female,Austin,2024-11-27,8265.22
2128,18,59,2640.61,146.70055555555555,66,Male,Houston,2024-06-24,8040.68
2129,7,18,1099.03,157.00428571428571,53,Male,Phoenix,2023-07-01,2647.17
2130,18,61,2367.66,131.53666666666666,62,Female,Los Angeles,2024-06-16,8209.39
2131,21,63,2780.45,132.40238095238095,58,Male,Jacksonville,2022-03-01,7977.54
2132,19,67,2883.29,151.7521052631579,37,Male,Dallas,2022-11-21,10530.76
2133,12,45,1598.32,133.19333333333333,23,Male,Los Angeles,2024-04-15,6044.83
2134,9,29,1295.69,143.96555555555557,25,Male,San Diego,2024-08-03,4707.89
2135,13,39,1974.12,151.8553846153846,50,Female,San Antonio,2023-08-21,6166.37
2136,18,52,2545.09,141.3938888888889,48,Male,San Diego,2024-09-15,7459.96
2137,16,50,2633.04,164.565,42,Male,San Jose,2022-10-24,7375.67
2138,14,46,1491.51,106.53642857142857,65,Male,Los Angeles,2024-11-06,4785.17
2139,20,71,3503.75,175.1875,67,Female,Philadelphia,2023-07-20,12265.9
2140,19,63,2252.24,118.53894736842103,35,Male,Phoenix,2024-11-05,7434.93
2141,20,64,3015.31,150.7655,55,Female,Chicago,2023-09-04,8693.67
2142,24,88,3176.57,132.35708333333335,52,Female,Philadelphia,2024-07-03,10699.85
2143,22,61,2450.15,111.37045454545455,53,Female,San Diego,2023-11-12,7909.72
2144,11,31,2068.11,188.01000000000002,30,Male,San Jose,2023-10-22,6093.52
2145,7,22,824.53,117.78999999999999,32,Female,New York,2024-02-24,2706.79
2146,14,46,2003.53,143.1092857142857,65,Female,Jacksonville,2023-10-14,6469.74
2147,22,60,2870.14,130.4609090909091,42,Male,San Diego,2024-02-20,7267.73
2148,14,45,2038.42,145.60142857142858,26,Female,Los Angeles,2022-03-17,6651.64
2149,22,77,3889.05,176.775,24,Female,New York,2024-06-20,13959.45
2150,17,50,2362.33,138.96058823529413,44,Male,Los Angeles,2022-10-23,7351.04
2151,22,72,2759.96,125.45272727272727,68,Female,Philadelphia,2024-08-19,9683.92
2152,12,32,1963.94,163.66166666666666,59,Male,Philadelphia,2024-03-25,5049.01
2153,12,42,1539.3,128.275,42,Female,Austin,2024-12-28,5239.05
2154,13,40,1826.19,140.47615384615386,52,Male,San Jose,2024-09-26,5250.73
2155,19,57,3193.54,168.08105263157896,33,Female,Houston,2022-05-21,9795.61
2156,14,47,2083.6,148.82857142857142,45,Male,Austin,2022-07-05,7067.07
2157,23,67,3427.19,149.00826086956522,46,Male,Jacksonville,2022-07-25,10466.0
2158,11,32,1316.96,119.72363636363637,19,Male,Philadelphia,2023-09-06,3988.66
2159,18,60,2532.35,140.6861111111111,36,Female,Philadelphia,2022-04-25,7992.79
2160,15,47,2267.05,151.13666666666668,27,Male,Dallas,2024-06-01,7088.94
2161,16,38,1817.95,113.621875,54,Male,Chicago,2024-04-23,4592.57
2162,17,59,2563.86,150.81529411764706,23,Female,San Jose,2022-12-25,8964.24
2163,14,44,1972.69,140.90642857142856,49,Male,Houston,2023-05-09,6418.79
2164,10,33,1146.73,114.673,58,Female,San Diego,2024-08-02,3124.39
2165,14,40,1741.06,124.36142857142856,60,Male,San Diego,2023-06-07,4828.28
2166,12,35,1631.57,135.96416666666667,61,Male,Los Angeles,2023-08-13,5207.38
2167,10,22,1276.03,127.603,40,Female,Austin,2024-06-23,2860.03
2168,15,38,2348.78,156.58533333333335,62,Female,San Diego,2024-05-18,5089.72
2169,13,50,1468.18,112.93692307692308,30,Female,San Diego,2023-09-11,5550.02
2170,21,69,2715.1,129.2904761904762,33,Female,San Jose,2022-08-07,8361.07
2171,21,55,3443.66,163.98380952380953,54,Female,Jacksonville,2024-01-06,8864.25
2172,17,48,2651.23,155.95470588235295,19,Female,Phoenix,2023-08-28,7860.67
2173,21,74,3178.4,151.35238095238097,54,Male,San Jose,2022-01-17,11163.29
2174,11,33,1339.42,121.76545454545455,36,Male,San Jose,2024-10-14,3893.03
2175,15,44,2110.0,140.66666666666666,32,Male,San Jose,2023-12-23,5499.59
2176,11,39,1378.55,125.32272727272726,61,Male,Austin,2023-05-29,4688.92
2177,13,36,1430.75,110.0576923076923,58,Male,Phoenix,2022-07-18,4018.79
2178,16,54,2078.48,129.905,20,Female,Jacksonville,2024-06-21,7259.4
2179,13,30,1752.24,134.7876923076923,23,Female,Philadelphia,2022-09-27,4315.96
2180,17,52,2369.08,139.35764705882352,29,Male,Chicago,2024-04-30,7644.11
2181,19,66,3131.91,164.83736842105262,51,Female,Chicago,2024-01-20,11074.59
2182,12,35,1763.22,146.935,70,Female,Phoenix,2023-06-11,4950.36
2183,16,52,1994.52,124.6575,69,Male,San Diego,2023-11-25,6079.04
2184,14,35,1818.05,129.8607142857143,27,Male,Austin,2022-06-04,4442.59
2185,20,45,2936.56,146.828,69,Female,Los Angeles,2024-03-24,6276.9
2186,8,24,1372.79,171.59875,18,Female,Dallas,2024-03-19,4065.6
2187,15,43,1990.97,132.73133333333334,47,Female,Austin,2022-09-11,5852.02
2188,19,55,2482.63,130.66473684210527,55,Female,Austin,2023-06-21,6734.0
2189,14,45,1833.36,130.9542857142857,24,Male,San Diego,2024-01-31,5522.08
2190,15,49,1954.45,130.29666666666668,57,Female,San Jose,2022-02-21,6444.48
2191,14,43,1998.19,142.72785714285715,59,Male,Austin,2023-03-30,6457.29
2192,18,47,2315.57,128.64277777777778,62,Female,Austin,2024-08-08,5963.87
2193,15,41,2213.86,147.59066666666666,25,Male,New York,2024-04-16,6515.22
2194,9,35,1090.1,121.1222222222222,37,Female,Los Angeles,2022-03-18,4249.55
2195,20,52,2065.75,103.2875,33,Male,San Antonio,2022-07-19,6013.99
2196,13,35,1841.53,141.65615384615384,41,Female,San Jose,2024-07-18,4152.88
2197,9,27,859.6,95.51111111111112,44,Male,San Diego,2022-11-13,2828.36
2198,5,20,472.51,94.502,35,Male,Jacksonville,2024-04-15,1867.21
2199,21,69,2988.81,142.3242857142857,31,Female,San Diego,2024-01-29,9943.0
2200,15,44,1752.76,116.85066666666667,41,Male,Austin,2023-04-29,5677.66
2201,23,64,3312.64,144.0278260869565,52,Female,New York,2024-01-23,8707.94
2202,10,31,1256.29,125.62899999999999,35,Male,Los Angeles,2024-03-26,3501.99
2203,14,44,2311.35,165.09642857142856,23,Male,Austin,2024-07-20,7102.78
2204,12,32,1530.1399999999999,127.51166666666666,21,Female,Houston,2022-02-13,4293.02
2205,12,44,1591.55,132.62916666666666,68,Male,Los Angeles,2022-09-15,5569.49
2206,16,36,2105.43,131.589375,55,Male,Houston,2023-03-01,5022.7
2207,7,22,1040.0,148.57142857142858,67,Male,San Jose,2023-11-04,3377.33
2208,19,56,2439.39,128.38894736842104,35,Male,Chicago,2022-01-06,7169.95
2209,13,33,1568.76,120.67384615384616,69,Male,Los Angeles,2023-05-29,4188.77
2210,17,63,2506.31,147.43,26,Male,Philadelphia,2022-02-22,8595.88
2211,15,47,1985.13,132.342,55,Female,New York,2023-05-03,6769.06
2212,12,34,1092.47,91.03916666666667,34,Male,Chicago,2022-12-23,3690.81
2213,19,60,2267.0299999999997,119.31736842105262,51,Male,Jacksonville,2024-05-12,6169.72
2214,12,38,1274.3799999999999,106.19833333333332,48,Female,Philadelphia,2022-05-11,4388.02
2215,17,53,2169.34,127.60823529411766,55,Male,San Diego,2024-11-17,7072.54
2216,14,46,2050.67,146.47642857142858,32,Male,Jacksonville,2024-10-28,6523.92
2217,20,63,2667.77,133.3885,37,Female,Austin,2024-12-03,8047.85
2218,12,38,1633.51,136.12583333333333,21,Female,San Antonio,2022-03-05,5331.98
2219,19,64,2710.0299999999997,142.63315789473683,61,Male,San Diego,2024-05-23,8853.25
2220,9,27,1106.32,122.92444444444443,22,Male,Philadelphia,2024-06-27,3004.23
2221,10,31,1315.18,131.518,22,Male,Phoenix,2022-10-31,3939.13
2222,11,42,1287.22,117.02,42,Female,San Diego,2023-10-28,5278.55
2223,11,32,1778.25,161.6590909090909,56,Female,Los Angeles,2024-11-01,4577.02
2224,11,24,1519.1399999999999,138.10363636363635,59,Male,San Antonio,2022-08-23,2700.09
2225,9,28,1621.56,180.17333333333332,32,Female,Philadelphia,2024-07-13,4581.63
2226,16,43,1995.89,124.743125,43,Female,Jacksonville,2024-07-17,5361.35
2227,11,39,1418.89,128.99,38,Female,Philadelphia,2022-07-14,4637.15
2228,20,54,2919.07,145.95350000000002,41,Male,Austin,2023-06-07,8200.6
2229,19,56,2868.8,150.98947368421054,22,Male,Los Angeles,2024-08-29,8750.28
2230,17,64,2384.67,140.27470588235295,45,Male,Jacksonville,2022-07-10,9162.97
2231,23,71,3040.67,132.20304347826087,69,Male,Dallas,2024-02-03,9889.19
2232,17,52,2474.87,145.5805882352941,55,Female,Austin,2022-05-03,7639.37
2233,24,74,3387.81,141.15875,44,Female,Austin,2022-09-08,10785.28
2234,18,56,2596.17,144.23166666666668,64,Male,Phoenix,2024-05-16,8494.7
2235,17,53,2199.04,129.35529411764705,40,Male,San Jose,2023-10-02,6940.33
2236,16,59,2085.5,130.34375,31,Male,Austin,2024-11-05,8101.62
2237,13,37,1779.77,136.9053846153846,32,Male,Philadelphia,2024-09-14,5928.51
2238,24,67,3681.33,153.38875,25,Female,San Jose,2024-01-23,9972.44
2239,17,62,2827.85,166.34411764705882,69,Female,Dallas,2023-04-09,10303.09
2240,11,31,1345.1,122.28181818181817,56,Female,New York,2022-02-23,3829.91
2241,16,50,2239.4,139.9625,35,Female,Philadelphia,2023-01-05,7259.87
2242,12,41,2021.36,168.44666666666666,18,Male,Chicago,2023-12-20,6958.8
2243,19,56,2534.75,133.4078947368421,22,Male,Jacksonville,2024-03-31,6559.13
2244,19,63,1775.69,93.45736842105264,23,Male,San Antonio,2022-03-04,5714.8
2245,23,56,2966.03,128.95782608695654,47,Female,Chicago,2024-05-09,7041.43
2246,7,23,888.9100000000001,126.98714285714287,37,Female,San Jose,2024-01-28,3001.43
2247,9,27,778.36,86.48444444444445,21,Male,Chicago,2022-06-23,2590.43
2248,27,89,3498.03,129.55666666666667,61,Male,Phoenix,2022-04-12,10925.12
2249,17,36,2180.61,128.27117647058824,60,Female,San Diego,2024-06-26,4469.18
2250,21,67,2824.87,134.51761904761904,44,Female,Houston,2024-06-24,9232.84
2251,12,30,1891.06,157.58833333333334,25,Female,San Antonio,2024-11-15,4662.88
2252,18,54,2587.94,143.77444444444444,36,Female,Dallas,2022-08-16,7498.71
2253,18,48,2830.9900000000002,157.27722222222224,20,Male,San Antonio,2023-09-24,7136.74
2254,12,35,2022.94,168.57833333333335,18,Male,Phoenix,2022-04-23,5772.21
2255,11,31,1223.05,111.18636363636364,67,Male,Phoenix,2023-03-09,3713.29
2256,15,52,2575.27,171.68466666666666,38,Male,New York,2023-08-16,8847.78
2257,12,37,1281.6200000000001,106.80166666666668,65,Female,Chicago,2024-10-15,4020.11
2258,15,46,2399.06,159.93733333333333,42,Male,Dallas,2022-09-22,7016.98
2259,22,64,2451.9,111.45,22,Female,Jacksonville,2023-12-27,7415.63
2260,18,53,2548.25,141.56944444444446,45,Male,San Diego,2022-03-28,7398.03
2261,10,26,930.29,93.029,38,Female,San Jose,2022-06-09,2176.57
2262,17,53,2660.46,156.49764705882353,63,Female,Phoenix,2024-04-08,8011.09
2263,16,50,2364.93,147.808125,43,Male,Philadelphia,2022-08-24,7914.94
2264,12,39,1490.21,124.18416666666667,69,Female,Jacksonville,2022-12-18,5275.16
2265,13,41,1337.14,102.85692307692308,23,Female,Los Angeles,2024-01-12,4902.35
2266,16,45,2096.07,131.004375,45,Female,Dallas,2023-05-14,5407.78
2267,11,33,1493.88,135.80727272727273,43,Female,Jacksonville,2022-06-11,4675.33
2268,9,29,1185.27,131.69666666666666,32,Female,Chicago,2023-11-27,3921.67
2269,20,54,2550.36,127.518,50,Male,Dallas,2022-06-06,6893.71
2270,17,41,2591.47,152.43941176470588,30,Female,Philadelphia,2024-11-10,5804.84
2271,15,50,1469.9,97.99333333333334,33,Male,Chicago,2022-10-30,5051.71
2272,15,53,1848.99,123.266,30,Male,San Jose,2023-06-09,7112.41
2273,18,57,1738.77,96.59833333333333,66,Male,Chicago,2022-11-10,5957.69
2274,8,19,990.3,123.7875,47,Female,Austin,2024-10-08,2398.3
2275,20,64,2674.38,133.719,58,Female,Chicago,2023-10-24,8091.06
2276,9,30,1173.75,130.41666666666666,22,Female,San Diego,2024-06-19,4444.11
2277,18,50,2120.7200000000003,117.81777777777779,68,Female,San Jose,2023-09-13,6019.08
2278,10,34,1342.13,134.21300000000002,40,Male,Phoenix,2022-04-26,4064.86
2279,13,36,2049.64,157.6646153846154,46,Male,New York,2024-08-03,6060.09
2280,12,30,1827.21,152.2675,36,Male,Austin,2024-01-26,3910.2
2281,16,45,2002.4,125.15,57,Female,San Diego,2022-07-04,5777.02
2282,20,63,2908.14,145.40699999999998,46,Male,Philadelphia,2022-03-26,9315.65
2283,17,48,2055.6,120.91764705882352,50,Male,New York,2024-09-01,6113.65
2284,9,28,1039.3600000000001,115.48444444444446,24,Female,Jacksonville,2024-07-11,3059.23
2285,10,27,923.07,92.307,50,Male,New York,2022-06-22,2462.46
2286,14,32,2193.31,156.665,63,Female,San Diego,2023-05-23,5224.0
2287,21,74,2722.55,129.6452380952381,51,Male,Philadelphia,2024-12-09,9864.57
2288,16,57,2516.09,157.255625,36,Female,San Antonio,2024-02-03,9695.88
2289,12,35,1510.59,125.8825,61,Male,Austin,2023-11-24,3774.59
2290,9,29,1778.2,197.57777777777778,22,Female,Los Angeles,2023-11-17,5429.17
2291,21,58,2864.96,136.42666666666668,36,Female,Jacksonville,2024-03-02,8381.31
2292,20,60,2108.09,105.40450000000001,39,Male,San Jose,2022-11-04,6502.19
2293,17,60,2995.36,176.19764705882355,40,Female,Austin,2022-10-17,10683.73
2294,13,44,1610.6,123.89230769230768,26,Male,Phoenix,2024-03-13,5732.33
2295,6,15,1032.63,172.10500000000002,59,Female,Chicago,2024-02-11,2412.81
2296,18,62,2351.38,130.63222222222223,23,Female,Dallas,2024-12-14,8038.11
2297,7,21,832.45,118.92142857142858,19,Female,Phoenix,2024-01-12,1926.23
2298,13,43,1536.94,118.22615384615385,31,Female,San Diego,2023-01-05,5124.95
2299,10,28,990.48,99.048,32,Male,Chicago,2023-01-29,2538.3
2300,11,27,1266.08,115.09818181818181,36,Male,Dallas,2022-06-08,2557.18
2301,16,50,1997.67,124.854375,20,Female,San Jose,2024-12-14,6236.07
2302,13,30,1368.08,105.23692307692308,56,Female,Chicago,2022-09-26,3238.4
2303,22,59,2843.02,129.2281818181818,29,Male,Jacksonville,2022-11-29,6882.73
2304,17,54,2558.2400000000002,150.48470588235296,20,Female,Philadelphia,2024-06-15,8146.38
2305,18,54,2340.88,130.04888888888888,46,Female,Jacksonville,2023-05-02,6833.24
2306,17,53,2283.73,134.33705882352942,32,Male,Phoenix,2024-07-08,7793.21
2307,12,38,1714.81,142.90083333333334,30,Female,Austin,2024-08-18,5277.8
2308,16,44,2830.59,176.911875,47,Female,San Antonio,2024-06-21,7308.6
2309,16,54,1889.51,118.094375,51,Female,Chicago,2024-10-26,6337.0
2310,20,53,2540.97,127.04849999999999,69,Male,Phoenix,2023-02-13,6906.01
2311,14,46,1630.7,116.47857142857143,59,Female,Philadelphia,2022-04-17,5489.94
2312,16,43,2017.68,126.105,63,Male,Phoenix,2022-07-30,4747.85
2313,15,33,2150.7799999999997,143.3853333333333,66,Male,Phoenix,2022-06-21,4171.42
2314,13,41,1377.91,105.99307692307693,50,Male,San Antonio,2024-07-09,3966.25
2315,14,41,1610.47,115.03357142857143,32,Female,Philadelphia,2022-07-07,4686.31
2316,10,27,985.9300000000001,98.593,44,Male,San Antonio,2022-02-24,2385.9
2317,11,33,1305.43,118.67545454545456,41,Male,San Antonio,2024-10-25,3648.54
2318,15,46,2085.32,139.02133333333333,41,Male,New York,2022-06-17,6645.23
2319,10,31,1450.74,145.074,24,Female,Chicago,2023-10-15,4792.71
2320,21,57,2561.26,121.96476190476191,20,Female,San Diego,2022-10-09,6299.33
2321,14,48,2116.48,151.17714285714285,66,Female,San Diego,2022-10-12,6773.95
2322,15,43,2773.9700000000003,184.93133333333336,23,Male,Phoenix,2022-01-11,7716.94
2323,17,51,2128.6,125.21176470588235,27,Female,Los Angeles,2023-03-18,5745.58
2324,6,19,742.2,123.7,33,Female,Los Angeles,2023-08-14,2338.06
2325,12,35,1821.94,151.82833333333335,33,Female,Austin,2022-04-08,5035.64
2326,15,42,1966.8400000000001,131.12266666666667,22,Male,San Diego,2024-07-25,5969.3
2327,8,26,1177.09,147.13625,58,Male,Jacksonville,2022-02-03,4379.56
2328,18,52,2441.02,135.61222222222221,36,Female,New York,2022-10-22,7342.76
2329,6,16,751.89,125.315,33,Female,Chicago,2023-12-24,2434.99
2330,16,48,2179.14,136.19625,51,Female,Los Angeles,2022-06-25,6303.58
2331,14,47,2064.53,147.4664285714286,52,Male,San Antonio,2024-12-13,7570.35
2332,17,52,2366.13,139.18411764705883,20,Female,Philadelphia,2024-08-20,7826.68
2333,13,37,1853.5,142.57692307692307,65,Male,Philadelphia,2023-06-04,5295.32
2334,19,63,2703.55,142.2921052631579,40,Male,Jacksonville,2022-05-19,9126.35
2335,14,47,1746.14,124.72428571428573,67,Female,Chicago,2022-08-01,6320.09
2336,25,75,3956.4,158.256,40,Female,Austin,2022-04-01,11659.52
2337,14,36,1872.21,133.7292857142857,67,Female,Jacksonville,2022-12-25,4392.12
2338,11,33,1700.64,154.60363636363638,58,Male,Chicago,2024-09-07,4896.56
2339,15,43,1821.88,121.45866666666667,63,Female,New York,2022-05-10,5153.04
2340,9,28,1316.98,146.3311111111111,30,Male,Houston,2023-08-24,4199.42
2341,10,28,1763.04,176.304,38,Female,Dallas,2022-03-27,5179.82
2342,17,52,1897.3899999999999,111.61117647058823,70,Female,Phoenix,2024-03-26,6463.36
2343,19,62,2329.82,122.6221052631579,66,Male,Phoenix,2022-03-16,7766.91
2344,14,40,1765.18,126.08428571428571,67,Male,Austin,2024-01-02,4254.18
2345,21,66,2755.15,131.19761904761904,35,Male,Philadelphia,2023-11-11,8537.1
2346,14,45,1952.8,139.4857142857143,43,Female,San Antonio,2024-06-13,6065.36
2347,10,25,1602.79,160.279,29,Female,Jacksonville,2023-11-26,4374.94
2348,16,47,2058.94,128.68375,41,Female,Los Angeles,2024-10-15,5857.13
2349,15,40,1742.02,116.13466666666666,23,Female,San Jose,2024-05-19,4662.09
2350,17,53,2331.7,137.15882352941176,52,Female,Philadelphia,2023-01-05,7341.09
2351,18,46,2022.55,112.36388888888888,23,Female,Austin,2022-07-30,5173.71
2352,19,54,2559.3,134.70000000000002,37,Female,San Jose,2023-08-29,7309.45
2353,12,40,1205.14,100.42833333333334,28,Female,Philadelphia,2024-05-22,3944.84
2354,9,29,1123.27,124.80777777777777,20,Female,San Jose,2024-07-04,3729.6
2355,18,50,2202.67,122.37055555555555,35,Male,Los Angeles,2024-06-09,5690.72
2356,10,31,1111.77,111.17699999999999,41,Male,New York,2024-04-11,3089.29
2357,11,38,1526.72,138.79272727272726,56,Female,New York,2022-10-20,5443.65
2358,14,37,1341.49,95.82071428571429,22,Male,Austin,2022-09-16,3486.33
2359,24,68,3026.34,126.09750000000001,41,Female,San Jose,2024-01-21,9070.59
2360,17,46,2016.8799999999999,118.63999999999999,56,Male,Austin,2022-03-08,5529.17
2361,14,44,1712.99,122.35642857142857,41,Female,San Diego,2024-07-10,4592.58
2362,18,59,2337.73,129.8738888888889,54,Male,Dallas,2022-06-07,7905.41
2363,10,26,1346.43,134.643,43,Female,Austin,2024-01-22,3794.37
2364,12,39,1701.6299999999999,141.80249999999998,33,Male,New York,2023-07-25,6048.98
2365,20,61,3235.95,161.79749999999999,49,Female,Dallas,2023-01-17,10415.99
2366,10,32,1318.22,131.822,34,Female,Jacksonville,2022-08-30,3949.02
2367,11,28,1905.03,173.18454545454546,31,Female,Jacksonville,2024-07-02,4845.7
2368,8,24,1417.32,177.165,30,Male,Chicago,2024-10-02,4280.61
2369,12,39,1388.95,115.74583333333334,46,Male,Jacksonville,2022-06-01,4357.66
2370,14,41,1335.26,95.37571428571428,23,Female,Austin,2024-06-30,3873.48
2371,11,36,1325.2,120.47272727272728,63,Male,Dallas,2023-12-13,4193.94
2372,13,35,2458.15,189.08846153846156,37,Male,Jacksonville,2023-08-18,6596.33
2373,14,51,1898.78,135.62714285714284,68,Female,Dallas,2022-12-23,6617.62
2374,11,32,1726.1,156.9181818181818,25,Male,Chicago,2023-04-05,5270.58
2375,17,49,1954.55,114.9735294117647,68,Female,New York,2023-04-30,5812.54
2376,11,29,1327.6100000000001,120.69181818181819,53,Female,San Diego,2024-01-10,3723.7
2377,17,55,2415.82,142.10705882352943,57,Male,Los Angeles,2022-09-23,7205.85
2378,27,92,3886.44,143.94222222222223,43,Female,Dallas,2023-09-26,14082.09
2379,14,42,2232.57,159.46928571428572,67,Female,San Jose,2024-04-21,6534.6
2380,17,58,2466.0,145.05882352941177,26,Female,Austin,2022-06-01,8352.6
2381,16,50,2119.91,132.494375,46,Female,Austin,2022-06-01,6058.28
2382,13,37,1778.63,136.8176923076923,40,Male,Dallas,2024-11-25,5165.98
2383,18,58,2338.88,129.9377777777778,67,Male,San Antonio,2023-01-08,7375.05
2384,14,46,2095.77,149.69785714285715,21,Male,Dallas,2024-10-26,7017.94
2385,12,32,1829.54,152.46166666666667,37,Male,Chicago,2022-11-10,5493.37
2386,8,26,942.6,117.825,63,Male,Philadelphia,2023-10-23,3151.47
2387,15,47,2319.8,154.65333333333334,36,Male,Phoenix,2024-11-28,7655.32
2388,14,44,1786.07,127.57642857142856,58,Female,Chicago,2023-02-07,5956.97
2389,15,41,2167.36,144.49066666666667,57,Male,Dallas,2023-09-13,6031.45
2390,19,56,2376.52,125.08,55,Male,Chicago,2022-12-12,7140.8
2391,19,54,2329.43,122.60157894736841,54,Male,New York,2023-11-23,6404.78
2392,18,46,2531.69,140.64944444444444,20,Female,Austin,2022-06-16,6252.04
2393,19,62,2249.45,118.39210526315789,67,Female,San Jose,2023-03-08,7520.77
2394,22,64,2975.37,135.24409090909091,49,Female,Austin,2022-03-04,8808.41
2395,9,23,1527.6,169.73333333333332,48,Male,Austin,2023-09-11,3671.3
2396,11,32,1198.3899999999999,108.94454545454545,37,Female,Los Angeles,2024-04-11,3171.43
2397,14,46,1805.1200000000001,128.93714285714287,28,Female,San Antonio,2022-05-03,6197.6
2398,16,38,1983.31,123.956875,47,Male,Philadelphia,2024-09-18,4888.85
2399,17,53,2109.16,124.06823529411764,38,Female,Jacksonville,2022-10-22,6658.79
2400,19,67,2920.92,153.73263157894738,43,Male,Philadelphia,2023-12-09,9865.52
2401,17,49,2315.73,136.21941176470588,53,Male,Philadelphia,2024-11-20,7082.59
2402,15,51,1699.03,113.26866666666666,47,Male,Phoenix,2023-05-11,5306.93
2403,10,26,1200.98,120.098,33,Male,Los Angeles,2024-07-09,2976.47
2404,14,42,1940.58,138.61285714285714,36,Female,San Jose,2022-04-14,5565.48
2405,18,61,2452.4,136.24444444444444,33,Male,Philadelphia,2024-05-06,8524.94
2406,15,43,2337.4900000000002,155.83266666666668,30,Male,San Diego,2023-10-03,7385.17
2407,19,44,2672.56,140.66105263157894,47,Female,Phoenix,2024-11-20,6494.18
2408,19,49,2342.33,123.28052631578947,19,Male,San Antonio,2024-10-15,6620.01
2409,10,23,1367.26,136.726,47,Male,Houston,2024-11-01,2938.49
2410,10,28,1495.7,149.57,21,Male,Phoenix,2023-12-24,4193.4
2411,18,46,2793.45,155.19166666666666,56,Female,Phoenix,2024-10-10,6847.47
2412,21,57,2231.91,106.28142857142856,24,Female,Chicago,2022-01-17,5384.71
2413,12,42,2057.42,171.45166666666668,64,Female,San Antonio,2023-06-26,7184.33
2414,11,32,1162.13,105.64818181818183,20,Female,New York,2024-01-20,3155.11
2415,17,47,2150.91,126.52411764705882,41,Female,Los Angeles,2023-02-03,5080.84
2416,15,43,1996.01,133.06733333333332,50,Female,Dallas,2024-03-02,5540.11
2417,17,47,2236.69,131.57,70,Male,Chicago,2023-07-27,6990.05
2418,14,41,1903.79,135.98499999999999,43,Female,Philadelphia,2022-07-18,5171.04
2419,16,57,1964.32,122.77,66,Male,Houston,2024-01-19,6882.2
2420,19,62,2346.75,123.51315789473684,43,Male,New York,2024-11-08,7516.64
2421,13,31,1407.6,108.27692307692307,26,Female,San Diego,2022-03-21,3813.12
2422,17,49,2135.9,125.64117647058823,47,Male,San Jose,2024-11-29,5680.77
2423,15,54,1815.93,121.062,26,Female,San Jose,2024-11-21,6340.64
2424,23,68,2878.7799999999997,125.16434782608694,28,Female,San Jose,2023-10-15,8328.57
2425,14,41,1531.4099999999999,109.38642857142857,55,Female,Dallas,2023-09-05,4539.48
2426,12,37,1141.42,95.11833333333334,52,Female,Jacksonville,2024-11-09,3532.97
2427,13,46,2007.42,154.41692307692307,48,Male,Philadelphia,2023-09-06,7263.47
2428,14,42,1658.33,118.45214285714285,61,Male,San Antonio,2023-11-10,4831.75
2429,10,29,1509.64,150.964,68,Male,San Jose,2023-09-23,5119.58
2430,21,75,2469.81,117.61,34,Male,Jacksonville,2024-08-29,8792.97
2431,13,40,1732.12,133.23999999999998,55,Female,Chicago,2022-04-16,5408.64
2432,21,54,2775.04,132.1447619047619,58,Female,Chicago,2024-12-09,6516.15
2433,13,35,2166.61,166.6623076923077,20,Male,Houston,2023-05-12,6017.04
2434,17,56,2722.5,160.14705882352942,46,Female,San Antonio,2022-02-08,9140.31
2435,12,34,2062.68,171.89,44,Male,San Antonio,2022-11-07,5632.74
2436,17,44,2380.85,140.04999999999998,67,Female,Jacksonville,2024-10-24,6438.69
2437,15,40,2183.45,145.56333333333333,63,Male,Dallas,2022-05-08,5631.89
2438,15,49,1771.65,118.11,53,Female,Austin,2023-03-01,5239.35
2439,18,58,2458.09,136.56055555555557,51,Female,Philadelphia,2024-09-06,8217.5
2440,7,17,935.33,133.61857142857144,47,Female,Dallas,2022-12-21,1779.62
2441,14,38,1893.46,135.24714285714285,61,Female,San Jose,2023-12-27,4734.02
2442,13,44,1725.48,132.72923076923078,30,Male,Phoenix,2024-09-18,5640.83
2443,22,59,3046.42,138.47363636363636,32,Female,Phoenix,2023-09-04,7910.09
2444,14,41,1405.95,100.425,62,Female,Philadelphia,2023-03-01,4406.98
2445,8,24,1455.74,181.9675,40,Female,Phoenix,2024-09-09,4858.95
2446,9,27,1004.8,111.64444444444445,54,Female,San Antonio,2022-09-07,3229.71
2447,21,60,2619.75,124.75,67,Male,Phoenix,2023-12-08,8154.74
2448,14,30,1565.63,111.8307142857143,36,Male,Philadelphia,2022-03-28,3086.43
2449,20,59,2572.75,128.6375,59,Female,Jacksonville,2024-06-24,6757.61
2450,19,53,3025.57,159.24052631578948,31,Male,Dallas,2024-09-08,8267.54
2451,17,56,2073.87,121.99235294117646,53,Female,Chicago,2023-07-10,7898.54
2452,13,45,1544.62,118.81692307692308,57,Male,Houston,2022-08-12,5379.56
2453,13,41,1886.41,145.10846153846154,60,Male,Austin,2022-04-14,5622.75
2454,10,26,1398.01,139.801,21,Male,San Antonio,2023-04-22,3461.75
2455,15,44,2045.41,136.36066666666667,63,Female,Los Angeles,2023-11-08,6471.04
2456,19,67,2408.03,126.7384210526316,18,Male,San Antonio,2022-10-09,9161.38
2457,15,43,2540.85,169.39,48,Male,Phoenix,2024-09-01,7097.24
2458,16,44,2070.17,129.385625,36,Male,Los Angeles,2023-10-20,6479.99
2459,19,60,2725.04,143.42315789473685,52,Male,Chicago,2023-04-21,8853.12
2460,15,58,2641.47,176.09799999999998,29,Male,San Antonio,2024-05-05,10738.58
2461,14,46,1932.31,138.02214285714285,29,Female,New York,2024-10-11,7199.5
2462,11,35,1322.25,120.20454545454545,37,Male,Philadelphia,2022-01-19,3593.93
2463,14,36,1733.56,123.82571428571428,47,Female,Chicago,2023-08-06,5066.44
2464,19,46,2636.43,138.75947368421052,47,Female,Houston,2024-10-29,5654.9
2465,20,57,2380.13,119.0065,39,Male,Jacksonville,2022-08-19,6927.02
2466,11,30,1884.93,171.35727272727274,59,Female,Jacksonville,2024-07-28,5121.83
2467,10,25,1164.56,116.45599999999999,18,Female,Phoenix,2023-01-17,2847.36
2468,17,46,2482.07,146.00411764705882,29,Female,San Antonio,2023-01-31,6526.77
2469,15,50,2429.84,161.98933333333335,38,Male,San Antonio,2024-11-21,7517.62
2470,22,50,2722.68,123.75818181818181,29,Male,San Diego,2022-07-15,6036.21
2471,16,44,2635.16,164.6975,33,Male,Phoenix,2023-10-25,7400.62
2472,22,68,2862.69,130.12227272727273,33,Female,Phoenix,2024-02-25,8847.45
2473,13,44,1748.14,134.4723076923077,37,Male,Phoenix,2023-11-07,6118.5
2474,22,59,3056.98,138.95363636363638,62,Male,New York,2024-01-07,8176.65
2475,15,50,2141.08,142.73866666666666,47,Female,Chicago,2022-08-31,8059.76
2476,15,42,1882.05,125.47,61,Female,Jacksonville,2024-04-10,5784.46
2477,15,54,1554.8,103.65333333333334,58,Female,Philadelphia,2022-08-29,5621.9
2478,11,38,1850.41,168.2190909090909,32,Male,San Diego,2023-03-29,6336.48
2479,10,30,1168.15,116.81500000000001,47,Female,San Antonio,2022-11-10,3381.83
2480,16,60,2886.62,180.41375,66,Male,Houston,2024-08-22,10728.03
2481,14,39,2328.67,166.33357142857145,51,Female,Dallas,2022-06-17,6626.77
2482,15,42,2133.3,142.22,22,Male,New York,2024-01-11,5888.84
2483,15,49,2252.2400000000002,150.14933333333335,30,Male,Chicago,2024-11-01,7265.25
2484,14,27,1843.8400000000001,131.70285714285714,51,Female,Los Angeles,2023-11-03,3085.0
2485,20,45,2518.27,125.9135,63,Female,Los Angeles,2023-02-25,5714.03
2486,16,51,2565.02,160.31375,46,Male,San Diego,2024-11-11,8035.21
2487,15,52,2188.87,145.92466666666667,50,Female,San Diego,2022-09-28,7382.15
2488,11,33,1155.62,105.05636363636363,53,Female,Austin,2022-04-29,3724.84
2489,16,52,2657.59,166.099375,64,Male,San Antonio,2023-09-24,8718.9
2490,14,46,1560.33,111.45214285714285,70,Male,Jacksonville,2023-06-06,4849.09
2491,22,75,3173.14,144.23363636363635,55,Male,New York,2023-03-23,10715.37
2492,18,59,2096.49,116.47166666666665,40,Male,Dallas,2024-05-17,6687.43
2493,12,36,1546.94,128.91166666666666,22,Female,New York,2022-05-04,4096.65
2494,13,42,1833.85,141.0653846153846,44,Male,Chicago,2023-08-11,5610.47
2495,11,28,1493.51,135.77363636363637,41,Female,San Diego,2024-05-10,3059.23
2496,14,41,2085.73,148.9807142857143,42,Male,Austin,2024-02-13,6633.79
2497,14,48,1731.16,123.65428571428572,59,Female,Los Angeles,2022-09-30,5495.15
2498,11,31,983.51,89.41,52,Female,Dallas,2023-01-01,2872.64
2499,17,63,2428.38,142.84588235294117,64,Male,New York,2022-09-18,9343.8
2500,20,60,2956.88,147.844,37,Female,Austin,2022-02-16,8689.37
2501,16,48,2842.99,177.686875,52,Female,Houston,2024-05-18,9093.93
2502,17,42,2169.9700000000003,127.64529411764707,47,Female,Chicago,2023-05-22,6057.97
2503,15,43,2180.83,145.38866666666667,30,Male,New York,2023-07-19,6318.09
2504,9,24,619.7099999999999,68.85666666666665,57,Male,Houston,2024-05-08,1593.23
2505,15,50,1488.99,99.266,22,Male,San Jose,2023-02-27,5049.12
2506,14,39,1611.97,115.14071428571428,46,Male,Houston,2022-03-10,5165.86
2507,12,39,1936.07,161.33916666666667,43,Female,Houston,2022-04-01,6123.86
2508,18,51,2721.34,151.18555555555557,66,Male,Chicago,2023-03-21,7181.28
2509,20,54,2777.56,138.878,36,Male,Jacksonville,2024-10-28,6946.38
2510,15,50,2028.54,135.236,54,Female,Houston,2023-10-16,7532.97
2511,20,57,2785.84,139.292,27,Male,San Antonio,2023-09-11,8242.68
2512,12,36,1558.47,129.8725,35,Male,Dallas,2023-09-08,4152.1
2513,10,29,1436.4,143.64000000000001,58,Female,Dallas,2022-12-25,4501.57
2514,13,43,1580.34,121.56461538461538,21,Female,Austin,2024-10-12,5648.01
2515,11,31,1861.69,169.24454545454546,68,Female,Jacksonville,2024-02-20,5374.79
2516,18,60,2109.76,117.20888888888891,44,Male,Phoenix,2024-05-02,7881.92
2517,20,69,2920.76,146.038,29,Female,Houston,2024-02-10,10848.51
2518,18,57,2100.29,116.68277777777777,37,Male,San Diego,2023-04-07,6834.81
2519,17,51,2169.25,127.6029411764706,53,Female,San Antonio,2022-04-29,6567.53
2520,20,59,3143.2,157.16,26,Female,Houston,2024-12-21,9521.02
2521,19,64,2739.49,144.1836842105263,31,Female,Austin,2023-06-07,9028.69
2522,11,36,948.09,86.19,46,Female,Los Angeles,2022-06-11,3171.45
2523,23,66,2907.06,126.39391304347826,21,Female,San Antonio,2023-01-26,7916.0
2524,14,50,2159.41,154.2435714285714,22,Male,San Jose,2022-03-22,7297.99
2525,12,36,1492.03,124.33583333333333,48,Male,Philadelphia,2023-03-21,4443.51
2526,19,56,3010.22,158.43263157894737,18,Male,Houston,2023-09-13,9230.09
2527,14,46,2312.16,165.1542857142857,65,Female,Houston,2022-08-29,7235.65
2528,15,51,2333.57,155.57133333333334,43,Male,Dallas,2023-02-23,8223.39
2529,11,35,1365.66,124.1509090909091,67,Female,San Antonio,2023-10-21,3739.19
2530,16,46,2203.56,137.7225,52,Female,Phoenix,2024-08-12,6198.07
2531,17,57,2755.3,162.0764705882353,41,Female,San Diego,2023-06-20,9216.79
2532,22,71,3018.55,137.2068181818182,69,Female,Philadelphia,2022-07-21,10035.98
2533,16,43,1944.76,121.5475,41,Female,San Antonio,2023-02-21,5395.51
2534,15,43,1889.46,125.964,54,Male,Jacksonville,2022-04-04,5485.8
2535,15,48,2195.54,146.36933333333334,19,Female,Dallas,2022-10-26,6818.17
2536,13,30,1845.15,141.9346153846154,36,Male,Houston,2024-05-05,4359.4
2537,19,61,2644.37,139.17736842105262,32,Female,San Jose,2023-11-07,8007.06
2538,16,36,1932.69,120.793125,49,Female,Phoenix,2023-05-19,4495.69
2539,16,60,2249.08,140.5675,64,Female,San Diego,2024-09-27,8821.98
2540,9,32,1772.05,196.89444444444445,64,Female,Chicago,2022-12-11,6128.26
2541,14,43,2000.61,142.9007142857143,64,Female,Chicago,2022-10-14,6176.87
2542,14,47,2222.2200000000003,158.73000000000002,51,Male,Los Angeles,2022-05-01,7223.4
2543,12,41,1542.48,128.54,66,Male,San Antonio,2022-04-10,5327.96
2544,12,40,1367.54,113.96166666666666,58,Male,Los Angeles,2022-10-09,5027.76
2545,22,58,2914.59,132.48136363636365,18,Male,Dallas,2022-11-06,8024.39
2546,17,52,2446.98,143.94,41,Male,San Jose,2024-07-22,7156.68
2547,13,46,1728.57,132.96692307692308,60,Female,New York,2024-09-16,6013.62
2548,20,72,2177.41,108.87049999999999,52,Female,New York,2022-01-14,8157.66
2549,17,32,2210.0299999999997,130.00176470588235,51,Female,Dallas,2022-02-04,4103.12
2550,11,31,1758.19,159.83545454545455,19,Female,Chicago,2023-08-11,5284.07
2551,12,40,1410.8200000000002,117.56833333333334,24,Male,Houston,2022-08-08,4174.79
2552,11,32,1355.3899999999999,123.21727272727271,57,Female,Philadelphia,2023-01-29,3237.18
2553,15,48,2039.33,135.95533333333333,68,Female,Los Angeles,2023-07-02,6824.87
2554,9,30,1526.42,169.60222222222222,43,Female,San Jose,2024-02-04,5227.35
2555,19,56,2952.97,155.41947368421052,62,Male,Phoenix,2023-05-14,9364.21
2556,15,41,1995.52,133.03466666666665,59,Male,Los Angeles,2022-06-15,5242.48
2557,8,22,1058.1,132.2625,42,Female,Dallas,2024-04-10,2541.75
2558,12,37,1309.04,109.08666666666666,21,Male,Jacksonville,2024-09-01,4239.87
2559,14,46,1917.44,136.96,23,Female,San Antonio,2022-12-17,6250.39
2560,19,60,3145.0,165.52631578947367,54,Male,Dallas,2023-11-10,10107.63
2561,15,44,1917.8600000000001,127.85733333333334,32,Male,Jacksonville,2022-03-29,6006.11
2562,14,34,2232.71,159.4792857142857,35,Male,Los Angeles,2024-08-31,5652.97
2563,13,31,1717.6299999999999,132.1253846153846,52,Male,Chicago,2023-07-29,4362.58
2564,19,51,2626.79,138.2521052631579,19,Male,San Jose,2023-10-07,6740.15
2565,18,45,2704.61,150.25611111111112,66,Female,Los Angeles,2022-10-23,7548.82
2566,19,53,2749.86,144.72947368421055,28,Male,San Jose,2023-09-05,7725.31
2567,11,34,1746.5900000000001,158.7809090909091,61,Female,San Antonio,2024-03-07,5707.12
2568,12,24,1675.78,139.64833333333334,68,Male,Dallas,2022-10-14,3572.28
2569,17,48,2073.63,121.97823529411765,21,Male,San Antonio,2023-12-10,6009.98
2570,20,46,2872.85,143.64249999999998,22,Female,San Jose,2023-04-21,6721.36
2571,21,66,2875.11,136.91,67,Female,New York,2024-03-23,8449.26
2572,15,41,1997.33,133.15533333333332,68,Female,San Diego,2023-07-14,5548.3
2573,12,40,1977.38,164.78166666666667,40,Female,San Antonio,2023-04-13,6881.95
2574,12,42,2033.67,169.4725,61,Female,Los Angeles,2023-01-16,6736.17
2575,14,50,1840.3,131.45,69,Male,Jacksonville,2023-08-28,7031.43
2576,17,56,2291.06,134.76823529411763,23,Female,Chicago,2022-05-31,6896.53
2577,18,59,2765.16,153.62,63,Male,Jacksonville,2024-02-18,9958.36
2578,10,33,1383.93,138.393,38,Female,Los Angeles,2024-03-08,4217.93
2579,14,45,1834.36,131.0257142857143,18,Female,San Diego,2022-07-07,6102.71
2580,20,59,2740.94,137.047,66,Female,Los Angeles,2024-01-08,8679.96
2581,11,41,1641.17,149.19727272727275,23,Male,San Antonio,2022-09-29,6558.37
2582,16,57,1928.96,120.56,53,Female,Los Angeles,2024-07-08,6346.57
2583,16,49,2079.99,129.999375,23,Female,Dallas,2022-02-23,6555.25
2584,12,36,1766.3,147.19166666666666,56,Female,San Antonio,2022-07-10,5199.3
2585,11,38,1857.7,168.88181818181818,36,Female,San Antonio,2022-01-26,6396.26
2586,17,58,1819.81,107.04764705882353,64,Male,San Jose,2022-06-23,7298.81
2587,19,50,2484.28,130.75157894736844,28,Female,Chicago,2024-12-03,6955.59
2588,12,33,1179.1,98.25833333333333,35,Female,Phoenix,2022-10-12,3397.01
2589,14,45,1884.78,134.62714285714284,27,Male,Chicago,2024-10-06,5906.09
2590,17,53,2605.5,153.26470588235293,35,Female,Phoenix,2024-06-09,7611.8
2591,11,32,1394.43,126.76636363636364,68,Male,Philadelphia,2024-09-18,4187.78
2592,16,49,2413.04,150.815,33,Female,San Jose,2023-05-31,7082.64
2593,21,68,2731.9500000000003,130.09285714285716,47,Male,Chicago,2023-02-05,9330.51
2594,9,25,676.55,75.17222222222222,18,Female,Philadelphia,2023-09-16,1844.84
2595,12,36,1527.5900000000001,127.29916666666668,69,Female,San Diego,2024-02-18,4485.87
2596,13,38,1564.99,120.38384615384615,45,Male,Phoenix,2023-11-17,5292.45
2597,14,44,1944.26,138.87571428571428,56,Male,San Diego,2023-10-19,6415.66
2598,12,37,1283.3600000000001,106.94666666666667,29,Female,Philadelphia,2023-10-06,4111.08
2599,22,59,2786.06,126.63909090909091,65,Female,San Jose,2023-08-20,7008.5
2600,15,41,1798.8000000000002,119.92000000000002,38,Female,Phoenix,2023-05-12,4923.83
2601,14,40,1829.34,130.66714285714286,41,Male,San Jose,2024-03-15,5332.24
2602,9,26,1342.77,149.19666666666666,55,Male,Austin,2023-02-14,3888.17
2603,25,80,2933.89,117.3556,64,Female,Jacksonville,2022-02-25,10522.2
2604,9,22,1487.73,165.30333333333334,46,Female,Jacksonville,2023-03-06,3499.88
2605,28,88,3228.82,115.31500000000001,70,Female,Austin,2022-05-22,10141.21
2606,16,46,1977.32,123.5825,26,Female,Houston,2024-10-19,6024.85
2607,20,61,2622.09,131.1045,60,Male,Jacksonville,2023-06-02,7398.07
2608,12,40,1606.7,133.89166666666668,68,Female,Los Angeles,2024-05-16,5149.61
2609,16,57,2038.09,127.380625,56,Female,San Jose,2024-07-08,7451.66
2610,16,49,1979.02,123.68875,52,Female,Dallas,2024-03-31,6172.26
2611,13,34,1814.49,139.57615384615386,68,Female,Jacksonville,2022-03-17,5333.39
2612,8,31,1262.69,157.83625,24,Male,Austin,2022-06-24,4937.06
2613,19,50,2415.44,127.12842105263158,28,Male,San Jose,2023-12-29,6639.84
2614,14,34,1488.49,106.32071428571429,66,Female,San Antonio,2024-03-29,3591.54
2615,10,29,1103.85,110.38499999999999,18,Male,Phoenix,2022-08-05,2953.92
2616,16,36,1796.95,112.309375,50,Male,San Diego,2023-03-31,4511.72
2617,14,38,1519.48,108.53428571428572,43,Female,Austin,2024-02-06,4062.83
2618,18,64,2466.44,137.02444444444444,27,Female,New York,2024-10-21,8927.01
2619,12,37,1446.33,120.52749999999999,24,Female,San Antonio,2024-09-15,3917.18
2620,17,51,2535.16,149.1270588235294,25,Male,Philadelphia,2022-06-25,7748.79
2621,18,53,2701.33,150.0738888888889,39,Female,Houston,2023-10-01,7242.42
2622,18,59,2498.27,138.7927777777778,48,Female,San Diego,2024-12-03,7643.31
2623,18,52,1806.6,100.36666666666666,46,Female,Philadelphia,2022-07-19,4826.81
2624,13,41,1681.64,129.3569230769231,37,Male,Jacksonville,2022-05-18,6268.75
2625,10,21,1583.51,158.351,19,Female,Austin,2022-08-24,3338.48
2626,21,64,3293.48,156.83238095238096,61,Male,Jacksonville,2022-08-12,9686.09
2627,10,42,1189.02,118.902,51,Male,Dallas,2023-05-15,5195.56
2628,14,45,1688.38,120.59857142857143,39,Female,San Diego,2022-11-24,5795.59
2629,18,55,2589.75,143.875,69,Female,Austin,2023-04-20,7396.76
2630,6,23,817.46,136.24333333333334,29,Female,San Antonio,2023-01-13,3024.49
2631,14,45,1877.73,134.12357142857144,65,Male,San Diego,2022-03-01,5986.69
2632,19,52,2456.8,129.30526315789476,42,Male,Jacksonville,2024-05-29,7203.57
2633,13,41,1810.17,139.24384615384616,31,Female,Jacksonville,2023-03-16,6360.91
2634,24,70,2963.91,123.49624999999999,54,Male,Dallas,2022-05-09,8729.09
2635,26,70,3188.06,122.61769230769231,41,Female,Houston,2023-01-18,8934.18
2636,11,26,1513.73,137.6118181818182,25,Female,Austin,2024-07-26,3678.19
2637,17,55,2258.57,132.85705882352943,51,Female,San Jose,2024-09-29,7664.1
2638,14,48,2292.75,163.76785714285714,57,Female,San Jose,2024-03-06,7848.21
2639,12,38,1712.15,142.67916666666667,40,Female,San Diego,2022-08-22,5121.82
2640,14,31,1923.54,137.3957142857143,70,Female,San Jose,2022-12-20,4198.91
2641,15,48,1891.62,126.10799999999999,61,Male,Philadelphia,2022-06-23,5811.3
2642,10,28,1405.46,140.546,33,Female,Los Angeles,2022-08-30,3938.72
2643,17,53,2303.28,135.48705882352942,41,Male,Dallas,2023-01-10,7448.05
2644,17,52,1943.69,114.33470588235295,44,Male,San Jose,2024-03-06,4771.19
2645,21,48,2937.96,139.90285714285716,45,Male,San Diego,2024-02-25,6436.18
2646,21,60,2789.41,132.8290476190476,53,Male,San Diego,2022-12-21,7409.59
2647,10,29,1341.01,134.101,26,Male,Philadelphia,2023-08-15,3732.07
2648,12,31,1679.77,139.98083333333332,57,Male,Philadelphia,2024-07-12,4275.98
2649,20,57,2782.61,139.1305,49,Male,Houston,2022-01-20,8203.88
2650,12,32,1871.31,155.9425,53,Female,San Antonio,2024-02-26,4956.48
2651,12,41,1279.1299999999999,106.59416666666665,44,Female,San Diego,2024-10-04,4093.03
2652,20,57,2538.95,126.94749999999999,23,Male,Houston,2022-12-09,6529.6
2653,16,46,2554.5,159.65625,20,Female,Houston,2023-08-22,7061.52
2654,17,46,2353.02,138.41294117647058,28,Female,San Jose,2023-08-15,6450.53
2655,18,49,2484.4,138.02222222222224,53,Male,San Jose,2024-10-11,6897.99
2656,12,36,1638.4,136.53333333333333,35,Female,Dallas,2022-08-22,5169.88
2657,12,32,1974.35,164.52916666666667,66,Female,Dallas,2022-03-27,5568.75
2658,11,34,1895.44,172.31272727272727,45,Male,Jacksonville,2023-03-24,5453.53
2659,26,60,3304.63,127.10115384615385,37,Male,San Diego,2023-05-22,7192.8
2660,11,33,1405.29,127.75363636363636,40,Male,San Diego,2023-06-23,4015.11
2661,13,34,1819.08,139.92923076923077,67,Male,Houston,2022-08-29,4758.14
2662,7,12,1083.2,154.74285714285716,63,Female,Chicago,2023-12-20,1674.97
2663,16,52,2438.44,152.4025,68,Male,Houston,2022-10-13,8590.8
2664,17,55,2202.59,129.56411764705882,54,Female,Dallas,2022-05-02,7325.35
2665,17,54,1978.6499999999999,116.39117647058822,56,Male,Philadelphia,2023-07-30,5994.68
2666,18,56,2266.15,125.89722222222223,36,Female,Dallas,2023-08-23,6456.72
2667,12,27,1498.61,124.88416666666666,26,Female,New York,2022-07-15,3455.69
2668,10,36,1236.8,123.67999999999999,59,Male,Jacksonville,2023-07-22,4711.04
2669,11,35,1607.18,146.10727272727274,33,Male,Jacksonville,2022-09-29,5634.06
2670,16,50,2185.29,136.580625,33,Female,San Diego,2023-10-22,6637.53
2671,22,64,2591.01,117.77318181818183,54,Female,Austin,2022-10-19,8194.84
2672,14,41,1969.34,140.66714285714286,42,Female,Los Angeles,2024-04-28,5106.97
2673,19,61,2178.59,114.66263157894737,43,Female,Jacksonville,2022-07-10,7066.32
2674,29,91,4069.01,140.3106896551724,47,Female,Philadelphia,2024-01-26,12522.82
2675,11,34,1611.68,146.51636363636365,67,Male,Jacksonville,2022-01-06,5158.46
2676,21,70,3050.94,145.28285714285715,58,Female,Los Angeles,2024-07-27,10438.4
2677,13,41,1285.72,98.90153846153846,43,Male,San Antonio,2024-12-30,3877.03
2678,15,40,2112.28,140.81866666666667,49,Female,Philadelphia,2023-03-10,6237.35
2679,28,76,3783.7799999999997,135.135,39,Male,San Jose,2023-08-04,10677.75
2680,12,43,1249.96,104.16333333333334,68,Female,Austin,2024-09-20,4617.05
2681,8,30,786.48,98.31,20,Male,Austin,2022-04-10,3082.34
2682,19,53,3026.47,159.2878947368421,19,Male,Chicago,2024-07-30,8490.54
2683,17,55,2088.25,122.83823529411765,47,Male,San Antonio,2024-06-22,6828.66
2684,12,36,1825.47,152.1225,62,Male,Austin,2023-02-19,5340.2
2685,20,54,2236.81,111.84049999999999,28,Female,Los Angeles,2023-09-11,5991.02
2686,22,74,3174.14,144.2790909090909,34,Male,Philadelphia,2024-01-09,10817.02
2687,18,56,2254.19,125.23277777777778,21,Female,Austin,2022-12-05,6468.66
2688,16,33,2191.7200000000003,136.98250000000002,64,Male,San Antonio,2023-09-18,4307.39
2689,15,44,2323.54,154.90266666666668,63,Male,New York,2022-07-06,6251.61
2690,12,30,1780.05,148.3375,48,Male,Chicago,2023-03-14,4690.89
2691,16,51,2034.71,127.169375,51,Female,New York,2023-04-09,6535.46
2692,14,43,1719.04,122.78857142857143,62,Female,Los Angeles,2022-01-17,4978.36
2693,21,55,3234.12,154.00571428571428,62,Male,San Diego,2024-05-14,7396.28
2694,14,44,2032.66,145.19,32,Female,Los Angeles,2022-05-26,6264.95
2695,12,39,1709.46,142.455,24,Female,Philadelphia,2022-07-29,5682.51
2696,14,45,1682.8,120.2,26,Female,Chicago,2023-09-05,4674.28
2697,22,68,3281.63,149.165,22,Male,San Jose,2022-10-20,11295.93
2698,16,48,2270.58,141.91125,46,Female,Jacksonville,2022-12-03,7105.4
2699,13,36,1831.37,140.87461538461537,58,Male,San Antonio,2023-03-13,5502.26
2700,22,70,3074.18,139.73545454545453,31,Male,Los Angeles,2024-06-25,10622.74
2701,9,21,1357.76,150.86222222222221,66,Male,San Jose,2022-10-14,3220.95
2702,16,45,1908.3700000000001,119.27312500000001,40,Female,Philadelphia,2024-02-26,4896.71
2703,18,48,2559.17,142.1761111111111,33,Female,Austin,2022-10-14,6963.73
2704,16,44,1869.3999999999999,116.83749999999999,33,Female,Jacksonville,2022-06-22,5011.07
2705,9,27,1430.81,158.9788888888889,60,Female,Houston,2022-02-24,4072.4
2706,19,55,2588.21,136.2215789473684,56,Male,Jacksonville,2024-11-26,7606.41
2707,30,86,2843.51,94.78366666666668,36,Male,Houston,2024-03-13,8493.65
2708,8,23,1002.23,125.27875,42,Male,Houston,2024-10-10,2873.96
2709,3,6,227.82,75.94,58,Male,Dallas,2024-10-20,396.27
2710,9,30,1207.4099999999999,134.15666666666664,41,Female,Chicago,2022-01-25,3779.38
2711,21,46,2758.82,131.37238095238095,54,Female,Philadelphia,2024-03-03,6598.75
2712,12,39,1972.62,164.385,66,Female,Los Angeles,2022-12-20,6901.37
2713,13,40,1699.6100000000001,130.73923076923077,55,Male,New York,2022-02-04,5614.41
2714,19,51,2890.02,152.10631578947368,31,Male,New York,2023-06-21,8073.29
2715,9,12,771.76,85.75111111111111,50,Female,Austin,2024-03-26,942.85
2716,13,35,1468.19,112.93769230769232,67,Female,San Antonio,2024-10-23,3861.38
2717,11,26,1209.95,109.99545454545455,23,Male,Phoenix,2024-04-03,2970.67
2718,13,45,1326.56,102.04307692307692,37,Male,Dallas,2022-06-21,4500.3
2719,11,37,1638.32,148.93818181818182,69,Male,Dallas,2023-02-21,5597.84
2720,15,55,2678.32,178.5546666666667,43,Male,Phoenix,2023-11-01,10098.08
2721,18,49,2308.0,128.22222222222223,64,Male,New York,2024-06-14,5842.79
2722,19,48,2674.7799999999997,140.7778947368421,23,Female,Los Angeles,2023-05-16,6986.98
2723,17,43,2629.19,154.65823529411765,57,Male,Phoenix,2024-07-17,6374.73
2724,16,47,2390.52,149.4075,25,Male,Jacksonville,2022-12-26,7552.22
2725,11,29,1596.94,145.17636363636365,62,Male,Chicago,2022-10-09,3980.68
2726,14,38,1667.82,119.13,40,Female,Chicago,2024-10-13,4733.32
2727,13,43,1550.5,119.26923076923077,26,Female,Jacksonville,2024-02-01,5299.62
2728,10,26,1219.8899999999999,121.98899999999999,67,Male,Philadelphia,2022-08-30,3495.7
2729,18,55,2820.5499999999997,156.6972222222222,35,Male,Phoenix,2024-05-29,8832.35
2730,16,43,1743.34,108.95875,49,Female,Dallas,2022-06-07,4465.34
2731,15,36,1634.6399999999999,108.97599999999998,21,Female,San Jose,2024-01-08,4257.01
2732,11,32,1637.25,148.8409090909091,41,Male,Phoenix,2022-12-08,4629.84
2733,17,48,2752.46,161.90941176470588,54,Male,Houston,2022-07-30,7186.1
2734,14,45,2025.37,144.6692857142857,18,Male,New York,2024-11-08,6320.34
2735,16,47,2056.16,128.51,20,Female,Philadelphia,2023-05-16,5254.06
2736,17,57,2333.9300000000003,137.29000000000002,27,Male,New York,2024-02-24,8256.53
2737,9,29,1202.04,133.56,32,Female,Houston,2024-05-08,3440.09
2738,13,35,1886.63,145.12538461538463,64,Female,Phoenix,2024-05-02,5471.6
2739,14,44,2230.8,159.34285714285716,54,Female,Los Angeles,2022-06-09,6677.27
2740,13,36,1837.87,141.37461538461537,61,Male,Chicago,2024-10-25,5450.55
2741,13,41,1735.12,133.47076923076924,69,Male,San Antonio,2023-04-03,5442.43
2742,22,73,3518.91,159.95045454545453,47,Female,Phoenix,2022-05-22,12053.27
2743,19,49,2874.55,151.2921052631579,23,Female,New York,2023-11-02,7810.53
2744,12,37,1805.3400000000001,150.44500000000002,30,Female,San Jose,2024-01-26,5677.59
2745,10,27,1082.17,108.21700000000001,65,Male,San Diego,2023-09-15,2880.02
2746,15,45,2196.94,146.46266666666668,55,Female,Houston,2024-01-25,6548.39
2747,7,20,913.01,130.43,27,Male,San Antonio,2023-05-18,2492.21
2748,12,40,1905.62,158.80166666666665,32,Female,Austin,2022-02-18,6370.06
2749,15,47,2460.15,164.01000000000002,39,Male,Austin,2022-01-20,7879.59
2750,9,28,1221.25,135.69444444444446,65,Female,Los Angeles,2024-02-10,3844.77
2751,16,49,2505.83,156.614375,51,Male,San Antonio,2023-02-25,8145.14
2752,16,42,2091.85,130.740625,21,Male,Jacksonville,2024-10-04,5672.57
2753,15,45,2637.4,175.82666666666668,23,Male,Houston,2023-07-28,7904.08
2754,19,54,2394.9900000000002,126.05210526315791,44,Female,San Diego,2024-11-30,7589.51
2755,18,53,2572.84,142.93555555555557,55,Male,Dallas,2022-06-23,7067.26
2756,18,56,2187.73,121.54055555555556,58,Female,Los Angeles,2022-10-01,6739.04
2757,18,49,2322.81,129.045,45,Male,Houston,2022-05-08,6613.35
2758,15,35,1647.57,109.838,34,Female,San Antonio,2023-08-21,3636.62
2759,15,42,2016.11,134.40733333333333,38,Female,Phoenix,2023-10-31,5767.27
2760,13,32,1446.62,111.27846153846153,22,Male,Chicago,2023-04-24,3045.4
2761,8,27,1250.26,156.2825,27,Male,Chicago,2022-08-12,4253.14
2762,16,47,2502.39,156.399375,47,Female,San Antonio,2024-07-09,7710.86
2763,12,28,1311.24,109.27,52,Female,Houston,2022-09-05,3017.74
2764,15,50,1869.56,124.63733333333333,37,Female,Phoenix,2024-07-14,6305.17
2765,11,32,1547.46,140.67818181818183,23,Male,Austin,2022-09-03,4672.19
2766,9,28,1275.96,141.77333333333334,70,Male,Houston,2023-09-16,3863.45
2767,21,71,2868.64,136.60190476190476,27,Male,Jacksonville,2023-11-03,9621.27
2768,16,53,1807.52,112.97,40,Female,Dallas,2023-05-24,5342.06
2769,20,52,2245.2599999999998,112.26299999999999,61,Female,Phoenix,2022-04-11,5694.45
2770,15,39,2114.94,140.996,19,Female,San Diego,2022-12-23,5605.79
2771,18,61,2006.33,111.46277777777777,24,Female,Los Angeles,2023-05-27,6232.25
2772,14,51,1812.08,129.43428571428572,25,Male,New York,2022-10-14,6524.71
2773,15,45,2322.64,154.84266666666664,26,Male,San Antonio,2023-04-01,6836.66
2774,17,49,2691.76,158.33882352941177,61,Male,San Jose,2024-02-02,7906.21
2775,16,47,2149.69,134.355625,70,Male,New York,2023-06-15,6662.82
2776,16,42,2026.6100000000001,126.66312500000001,30,Female,Chicago,2022-05-13,5141.38
2777,13,43,1944.75,149.59615384615384,69,Female,Los Angeles,2022-07-08,6987.82
2778,20,57,2478.1,123.905,47,Male,Chicago,2022-03-29,6985.33
2779,19,51,2737.4,144.07368421052632,70,Female,San Diego,2024-06-06,7130.88
2780,11,31,1850.77,168.25181818181818,42,Female,Chicago,2022-03-02,4909.16
2781,20,63,3218.64,160.932,31,Male,Phoenix,2023-12-26,10246.43
2782,18,46,2484.98,138.05444444444444,46,Male,New York,2023-07-28,6537.05
2783,14,49,2108.27,150.59071428571428,59,Female,San Diego,2023-05-19,6565.96
2784,14,45,2017.12,144.07999999999998,53,Female,New York,2024-04-23,6508.73
2785,16,47,2005.51,125.344375,35,Female,Chicago,2022-06-29,5349.9
2786,21,74,3602.1,171.5285714285714,30,Male,Austin,2024-05-08,12998.29
2787,11,30,1873.92,170.35636363636365,42,Female,San Diego,2022-02-09,5244.86
2788,15,40,2278.69,151.91266666666667,40,Female,San Antonio,2024-09-19,5833.22
2789,17,55,2140.32,125.90117647058824,29,Male,Philadelphia,2023-07-08,7262.23
2790,11,35,1812.73,164.79363636363635,19,Female,New York,2023-03-25,5361.18
2791,12,37,1446.88,120.57333333333334,51,Female,San Jose,2024-08-24,4293.11
2792,16,50,1901.41,118.838125,28,Male,Houston,2023-04-22,6517.72
2793,11,38,1382.3,125.66363636363636,35,Male,Houston,2023-05-09,4142.29
2794,11,36,1335.29,121.39,40,Male,Chicago,2024-03-06,4056.85
2795,15,50,1981.72,132.11466666666666,55,Female,Jacksonville,2023-04-30,6502.65
2796,14,36,1897.07,135.505,55,Male,Jacksonville,2024-01-05,4923.18
2797,14,37,1297.23,92.65928571428572,54,Male,San Jose,2023-12-22,3410.14
2798,12,29,1904.28,158.69,69,Female,Dallas,2023-01-21,4685.85
2799,19,60,3077.63,161.9805263157895,29,Female,New York,2023-09-25,10225.59
2800,17,61,2648.7599999999998,155.80941176470586,21,Male,San Jose,2022-07-04,9343.33
2801,16,47,2071.74,129.48375,19,Female,New York,2023-03-25,6420.68
2802,14,47,2124.4,151.74285714285716,57,Male,Chicago,2023-11-11,7601.21
2803,11,33,1476.49,134.22636363636363,63,Male,Philadelphia,2023-11-29,4180.18
2804,19,59,2804.99,147.63105263157894,19,Male,San Jose,2022-05-02,8353.45
2805,14,42,1875.73,133.9807142857143,67,Male,Dallas,2022-10-18,5162.64
2806,20,61,2603.06,130.153,22,Female,Jacksonville,2024-01-18,7749.94
2807,19,67,2618.77,137.83,55,Male,Philadelphia,2024-03-21,9948.66
2808,20,62,2763.63,138.1815,38,Male,Chicago,2023-09-11,8813.32
2809,7,18,981.51,140.21571428571428,68,Female,Austin,2024-06-13,2434.73
2810,27,71,4201.83,155.62333333333333,29,Female,Houston,2023-10-12,11773.45
2811,12,41,1151.48,95.95666666666666,42,Female,Jacksonville,2022-12-26,4168.29
2812,13,43,1871.84,143.9876923076923,26,Male,Jacksonville,2023-08-27,7070.29
2813,16,54,1984.07,124.004375,62,Female,San Jose,2022-01-04,6546.11
2814,16,49,2104.05,131.503125,29,Female,San Jose,2022-03-08,6940.04
2815,19,45,2092.39,110.12578947368421,58,Male,San Diego,2023-03-29,5282.29
2816,20,67,2713.23,135.6615,39,Male,Houston,2022-10-16,8750.33
2817,13,37,1550.43,119.26384615384616,38,Male,Austin,2023-12-12,4266.84
2818,10,35,1530.94,153.094,70,Female,San Diego,2022-07-01,5172.53
2819,17,50,2579.5299999999997,151.7370588235294,34,Male,Houston,2022-01-24,7374.38
2820,15,44,1636.01,109.06733333333334,40,Female,Los Angeles,2022-05-19,4733.29
2821,17,62,1918.33,112.84294117647059,21,Female,San Diego,2022-01-03,7088.07
2822,19,58,2803.2200000000003,147.5378947368421,28,Female,San Diego,2024-05-09,8555.14
2823,14,37,2009.67,143.54785714285714,40,Female,Los Angeles,2024-02-15,5479.36
2824,10,24,1032.3500000000001,103.23500000000001,68,Male,Chicago,2024-09-08,2575.22
2825,17,50,2740.93,161.23117647058822,22,Male,Phoenix,2024-07-13,7616.91
2826,15,32,2140.35,142.69,38,Female,Los Angeles,2022-02-11,4284.37
2827,14,50,2006.19,143.29928571428573,39,Male,San Antonio,2022-06-01,6917.32
2828,23,68,3593.62,156.24434782608697,64,Male,Dallas,2022-11-26,10650.88
2829,14,45,1939.11,138.50785714285715,39,Female,Jacksonville,2022-07-10,6303.44
2830,17,52,2193.21,129.01235294117646,45,Male,San Jose,2022-03-05,6691.24
2831,15,48,1972.94,131.52933333333334,28,Male,Los Angeles,2024-06-08,6166.26
2832,16,48,1971.77,123.235625,31,Male,San Antonio,2023-11-10,5178.03
2833,15,44,2160.92,144.06133333333335,60,Female,Phoenix,2023-06-28,6152.03
2834,18,52,2197.36,122.07555555555557,24,Male,San Antonio,2023-05-02,6506.06
2835,11,27,1769.93,160.90272727272728,27,Male,Philadelphia,2024-10-02,3996.69
2836,11,33,1040.42,94.58363636363637,45,Male,Phoenix,2022-01-08,3268.1
2837,15,56,1802.28,120.152,30,Male,New York,2024-09-10,6580.43
2838,12,30,1453.94,121.16166666666668,28,Female,Los Angeles,2023-02-28,3815.1
2839,21,66,2561.6,121.98095238095237,25,Female,San Antonio,2024-08-27,7910.18
2840,13,32,1910.66,146.97384615384615,49,Female,Los Angeles,2024-08-22,5195.08
2841,15,51,1569.3,104.61999999999999,29,Female,San Antonio,2024-03-04,4756.98
2842,11,29,1146.42,104.22000000000001,29,Female,New York,2024-01-27,3419.44
2843,18,53,2749.01,152.7227777777778,46,Female,Phoenix,2023-06-24,7974.43
2844,12,36,1167.02,97.25166666666667,35,Male,Chicago,2023-04-09,3278.89
2845,20,58,2841.02,142.051,23,Female,Dallas,2022-07-18,8202.18
2846,19,58,2714.08,142.8463157894737,66,Male,Dallas,2024-04-27,8930.49
2847,15,45,2101.45,140.09666666666666,42,Female,Dallas,2022-05-05,6068.61
2848,14,44,2047.3700000000001,146.2407142857143,54,Male,San Diego,2024-08-30,6375.11
2849,12,38,1698.66,141.555,23,Female,Jacksonville,2023-09-05,5000.47
2850,16,53,2431.82,151.98875,50,Male,Los Angeles,2022-03-13,8076.37
2851,17,56,2082.97,122.52764705882352,29,Male,Houston,2024-07-08,6822.52
2852,9,33,1109.15,123.2388888888889,26,Male,San Antonio,2023-01-30,4097.44
2853,6,15,904.35,150.725,61,Female,Houston,2022-06-10,2340.25
2854,18,60,2593.1,144.0611111111111,56,Female,Philadelphia,2022-10-30,8030.33
2855,22,65,3083.82,140.17363636363638,23,Female,Dallas,2022-05-18,8421.47
2856,19,53,2508.54,132.0284210526316,53,Female,Phoenix,2024-03-24,6509.61
2857,14,48,1848.43,132.03071428571428,47,Male,Jacksonville,2024-11-30,6358.01
2858,11,37,1810.78,164.61636363636364,68,Female,Los Angeles,2024-12-06,6241.12
2859,18,43,2450.81,136.1561111111111,27,Male,San Jose,2024-04-28,5965.25
2860,16,50,2523.69,157.730625,24,Male,Phoenix,2022-07-25,8908.53
2861,17,51,2392.07,140.71,44,Female,San Antonio,2023-12-06,6842.12
2862,13,42,1981.43,152.4176923076923,54,Female,New York,2024-09-21,6310.46
2863,26,86,3475.63,133.67807692307693,35,Female,Chicago,2022-12-19,11864.34
2864,12,37,1922.09,160.17416666666665,20,Female,Philadelphia,2024-04-02,6233.78
2865,20,62,2967.77,148.3885,21,Female,Phoenix,2023-05-02,8870.98
2866,16,35,2054.4,128.4,19,Female,Phoenix,2024-02-02,5192.99
2867,16,44,2339.87,146.241875,35,Female,Jacksonville,2023-09-29,5951.13
2868,18,52,2286.06,127.00333333333333,32,Male,Phoenix,2022-07-21,6347.27
2869,8,30,821.35,102.66875,67,Female,Phoenix,2024-06-26,3002.33
2870,10,32,1391.73,139.173,56,Male,Houston,2024-05-03,4107.43
2871,10,38,1432.83,143.283,31,Female,Jacksonville,2024-06-23,5424.73
2872,7,22,528.35,75.47857142857143,66,Female,New York,2024-09-19,1686.82
2873,14,44,2120.38,151.4557142857143,68,Male,Los Angeles,2024-11-21,7096.45
2874,9,31,1301.8799999999999,144.6533333333333,63,Female,Chicago,2023-09-30,4447.45
2875,14,40,1552.99,110.92785714285715,54,Male,Chicago,2024-12-09,4448.4
2876,19,56,2338.72,123.09052631578946,30,Male,Houston,2023-01-30,6748.56
2877,14,46,1769.08,126.36285714285714,47,Male,Philadelphia,2022-03-09,5570.99
2878,16,50,2205.24,137.8275,35,Female,San Diego,2023-02-12,7067.6
2879,12,41,1232.41,102.70083333333334,43,Male,Austin,2024-10-31,3950.56
2880,12,38,1641.15,136.76250000000002,33,Female,San Diego,2022-03-04,5035.16
2881,9,31,1114.48,123.83111111111111,29,Female,San Jose,2024-07-02,3877.82
2882,19,54,2811.74,147.98631578947368,40,Male,Phoenix,2023-12-18,7631.19
2883,21,68,2862.45,136.30714285714285,36,Male,San Antonio,2022-07-05,8955.68
2884,10,29,1468.48,146.848,28,Male,Houston,2022-04-12,4002.48
2885,13,33,1476.51,113.5776923076923,61,Male,Phoenix,2023-04-07,4067.32
2886,10,26,1273.3,127.33,50,Male,Austin,2024-04-18,3247.66
2887,13,40,2060.03,158.46384615384616,48,Male,Austin,2022-01-19,6431.75
2888,20,47,2260.16,113.008,56,Male,Houston,2022-12-21,5531.85
2889,22,62,3517.23,159.8740909090909,56,Female,Jacksonville,2023-06-01,9825.65
2890,12,30,1763.78,146.98166666666665,45,Female,Philadelphia,2023-07-18,4257.0
2891,9,33,1039.3,115.47777777777777,34,Male,San Diego,2024-07-29,3867.57
2892,18,61,2399.25,133.29166666666666,61,Female,San Jose,2023-09-11,8368.28
2893,15,53,2451.2,163.41333333333333,18,Female,Dallas,2022-07-29,8674.89
2894,18,53,2510.46,139.47,37,Male,San Diego,2023-08-02,7391.87
2895,12,36,1334.34,111.195,39,Female,Austin,2022-05-11,4018.19
2896,16,37,1995.17,124.698125,35,Female,Austin,2023-10-28,4480.41
2897,16,60,2453.28,153.33,30,Male,Dallas,2023-09-04,9683.21
2898,18,46,2482.26,137.90333333333334,21,Female,Austin,2023-05-08,6331.99
2899,13,37,1901.28,146.25230769230768,61,Male,Jacksonville,2023-10-17,5628.76
2900,13,48,2107.3,162.10000000000002,59,Female,Phoenix,2022-02-22,8070.23
2901,12,26,1429.1200000000001,119.09333333333335,44,Female,San Antonio,2023-06-16,2620.71
2902,12,41,1352.12,112.67666666666666,55,Male,Philadelphia,2022-03-14,4632.32
2903,11,30,1857.64,168.87636363636364,61,Female,Austin,2023-04-01,5183.35
2904,12,32,1436.28,119.69,50,Female,Chicago,2024-01-05,4413.05
2905,13,33,1752.29,134.79153846153847,36,Male,San Diego,2023-01-06,4693.71
2906,14,49,2241.3,160.09285714285716,65,Female,Jacksonville,2022-09-20,7972.29
2907,16,49,2145.51,134.094375,61,Female,Austin,2023-01-10,5949.7
2908,14,50,2286.63,163.3307142857143,32,Female,Houston,2022-07-02,8369.03
2909,17,45,2728.87,160.52176470588233,44,Female,Philadelphia,2023-09-21,6957.81
2910,16,45,1808.3,113.01875,55,Female,San Diego,2023-06-18,4741.76
2911,19,56,2959.6,155.76842105263157,48,Male,Austin,2022-08-30,7965.82
2912,17,50,2517.55,148.09117647058824,48,Male,Dallas,2022-05-26,6724.73
2913,20,70,2536.93,126.84649999999999,61,Female,Dallas,2022-09-03,9622.45
2914,21,62,2958.19,140.86619047619047,44,Male,Chicago,2023-09-04,8786.83
2915,15,29,1911.01,127.40066666666667,30,Female,San Antonio,2022-10-09,3294.83
2916,16,42,2170.17,135.635625,27,Female,Jacksonville,2024-07-26,5709.49
2917,13,37,1682.3899999999999,129.4146153846154,67,Male,San Diego,2023-01-05,5410.57
2918,13,39,1906.57,146.65923076923076,58,Male,Philadelphia,2023-11-13,5046.34
2919,11,30,1227.35,111.57727272727271,18,Female,Phoenix,2022-04-29,3633.28
2920,14,46,1894.98,135.3557142857143,66,Male,San Jose,2023-03-05,6518.97
2921,17,41,2468.35,145.1970588235294,49,Male,Chicago,2022-11-21,6164.54
2922,16,49,1869.54,116.84625,58,Female,San Antonio,2024-06-07,5706.4
2923,7,25,735.03,105.00428571428571,48,Female,New York,2024-05-28,2981.02
2924,10,34,842.09,84.209,52,Male,Jacksonville,2022-03-19,2954.68
2925,11,37,1138.21,103.47363636363637,18,Female,Dallas,2024-02-04,3795.28
2926,11,30,1629.59,148.14454545454544,19,Male,Austin,2023-01-26,4854.48
2927,10,36,1435.0,143.5,32,Female,Phoenix,2023-05-25,5310.43
2928,13,45,1842.07,141.6976923076923,24,Female,Dallas,2022-09-22,6756.85
2929,18,60,2080.67,115.59277777777778,28,Male,New York,2023-09-19,6912.55
2930,15,42,2125.71,141.714,36,Female,Jacksonville,2023-09-03,6428.86
2931,12,36,1672.53,139.3775,56,Female,San Antonio,2024-12-01,4816.93
2932,19,60,2231.71,117.45842105263158,39,Female,Philadelphia,2022-10-02,7192.23
2933,9,21,1140.28,126.69777777777777,28,Female,New York,2023-01-21,2829.8
2934,21,59,3130.74,149.08285714285714,32,Male,Houston,2023-04-13,8572.66
2935,12,34,1863.5300000000002,155.29416666666668,55,Male,Los Angeles,2022-02-14,5125.8
2936,25,83,2976.11,119.04440000000001,63,Male,San Antonio,2024-01-21,9472.32
2937,17,47,2384.08,140.24,67,Male,San Jose,2023-06-08,6960.62
2938,12,38,1871.91,155.9925,60,Male,Austin,2022-04-09,5803.22
2939,15,54,2368.93,157.92866666666666,21,Male,San Antonio,2022-02-10,8511.69
2940,13,39,1884.4,144.95384615384617,42,Male,Dallas,2024-06-28,5686.06
2941,17,46,2640.23,155.30764705882353,48,Male,Houston,2023-06-02,7560.79
2942,21,63,2493.63,118.74428571428572,37,Female,Austin,2022-01-20,7769.65
2943,17,60,2207.63,129.86058823529413,60,Female,San Jose,2022-07-26,7480.69
2944,8,20,1003.47,125.43375,44,Male,Dallas,2022-10-08,2535.19
2945,14,45,2067.2400000000002,147.66000000000003,36,Male,Los Angeles,2022-08-30,6288.55
2946,22,62,3048.71,138.5777272727273,30,Male,Phoenix,2024-10-16,9129.69
2947,19,57,2909.51,153.1321052631579,30,Female,Jacksonville,2024-12-07,9026.7
2948,18,37,2263.67,125.75944444444445,36,Male,New York,2024-04-19,5125.96
2949,18,54,1622.16,90.12,31,Female,Philadelphia,2024-10-13,5138.69
2950,12,31,2054.42,171.20166666666668,18,Male,Austin,2023-04-26,4876.42
2951,14,39,1833.15,130.93928571428572,25,Female,Chicago,2022-07-02,4836.44
2952,17,49,2294.19,134.95235294117649,67,Male,Jacksonville,2022-07-04,7132.97
2953,16,54,1970.95,123.184375,34,Male,San Diego,2022-07-27,6914.32
2954,15,39,1994.67,132.978,34,Female,New York,2023-08-30,5600.78
2955,13,47,1777.59,136.7376923076923,70,Male,New York,2022-07-24,6333.88
2956,16,56,2338.04,146.1275,41,Female,San Antonio,2023-08-19,8137.32
2957,11,40,1220.57,110.96090909090908,24,Male,New York,2022-08-26,4711.67
2958,12,36,1429.78,119.14833333333333,60,Male,Philadelphia,2022-10-11,5013.97
2959,12,32,1810.5900000000001,150.88250000000002,46,Female,Jacksonville,2024-01-03,4830.71
2960,9,26,1259.57,139.95222222222222,41,Female,Chicago,2022-07-10,3636.98
2961,13,44,1813.67,139.51307692307694,43,Female,San Diego,2022-08-22,6261.55
2962,23,75,3130.74,136.1191304347826,42,Female,San Antonio,2023-07-11,9933.17
2963,11,34,1619.0,147.1818181818182,25,Male,Jacksonville,2022-12-08,4980.3
2964,12,36,1517.82,126.485,28,Male,San Antonio,2022-05-01,4135.92
2965,14,51,1705.8400000000001,121.8457142857143,69,Female,Chicago,2024-09-15,6539.01
2966,12,31,1816.47,151.3725,67,Female,San Jose,2024-02-17,4786.11
2967,18,51,2197.54,122.08555555555556,61,Male,San Diego,2022-03-01,6559.7
2968,17,46,2056.84,120.99058823529413,25,Female,San Diego,2024-09-26,5274.03
2969,12,33,1540.1,128.34166666666667,22,Female,Austin,2022-04-05,4601.47
2970,13,36,1698.9,130.6846153846154,18,Male,Austin,2023-10-06,4412.87
2971,14,37,2141.92,152.99428571428572,51,Male,San Antonio,2023-11-24,5869.83
2972,17,37,2300.8,135.34117647058824,48,Female,Austin,2023-05-25,5211.97
2973,16,48,2400.33,150.020625,27,Male,New York,2024-02-28,7374.18
2974,20,62,2150.85,107.54249999999999,50,Female,San Diego,2022-11-18,6497.45
2975,8,20,1423.88,177.985,22,Female,Philadelphia,2022-12-05,3595.22
2976,6,21,824.86,137.47666666666666,39,Female,New York,2023-05-09,2565.38
2977,16,52,2046.04,127.8775,32,Female,San Antonio,2024-11-04,6250.61
2978,12,31,1808.21,150.68416666666667,23,Female,San Diego,2023-04-27,4781.32
2979,16,45,2243.06,140.19125,23,Female,San Diego,2024-07-06,6093.2
2980,12,37,1447.17,120.59750000000001,25,Female,Jacksonville,2023-10-10,5096.73
2981,15,46,2160.4,144.02666666666667,24,Female,San Antonio,2022-02-06,6174.22
2982,10,24,1331.35,133.135,53,Male,Los Angeles,2022-03-15,3239.18
2983,18,64,2333.86,129.6588888888889,50,Male,Austin,2023-09-16,7967.79
2984,20,67,3241.53,162.0765,39,Female,New York,2024-07-23,11223.48
2985,14,47,2183.42,155.95857142857145,47,Female,Dallas,2023-04-02,7723.95
2986,8,32,1343.6399999999999,167.95499999999998,63,Female,Jacksonville,2024-08-26,5482.26
2987,20,64,3168.2200000000003,158.411,25,Male,Austin,2024-07-15,10035.56
2988,13,39,1461.66,112.43538461538462,18,Female,Philadelphia,2023-03-31,4877.82
2989,11,29,1493.36,135.76,53,Female,Jacksonville,2023-08-21,4277.89
2990,16,44,2364.27,147.766875,20,Male,San Diego,2022-08-06,6416.8
2991,17,54,2620.86,154.16823529411766,70,Female,Los Angeles,2022-10-15,8731.63
2992,12,36,1458.8799999999999,121.57333333333332,57,Male,Houston,2023-06-05,4214.09
2993,16,52,1854.12,115.8825,43,Male,San Diego,2022-09-05,5416.33
2994,25,82,3765.54,150.6216,63,Female,Los Angeles,2023-01-26,12149.74
2995,18,56,2575.65,143.09166666666667,20,Male,San Diego,2024-04-28,8409.42
2996,22,71,3165.74,143.8972727272727,60,Male,San Diego,2024-07-25,10718.78
2997,9,28,1674.71,186.07888888888888,51,Male,Dallas,2022-01-09,5112.08
2998,17,47,2399.39,141.1405882352941,55,Female,Dallas,2024-06-05,6539.34
2999,22,63,3086.6,140.29999999999998,62,Male,Jacksonville,2022-12-29,8798.38
3000,17,55,2130.97,125.35117647058823,24,Female,Austin,2022-09-20,7315.61
